match_number,header,team,opponent,side,possession_pct,contested_pct,goals,xg,attempts,on_target,passes,passes_complete,pass_completion_pct,line_breaks,def_line_breaks,final_third_receptions,crosses,progressions,pressures,direct_pressures,forced_turnovers,second_balls,distance_km,press_duration_s,recovery_time_s,push_into_press,press_inside,press_outside,opp_passes,directness,verticality,cross_share,ppda_like,direct_press_share,press_inside_share
1,11 June 2026 - Mexico City Stadium - 13:00,Mexico,South Africa,home,57.1,6.8,2.0,1.78,16.0,4.0,547.0,495.0,90.0,105.0,10.0,117.0,13.0,23.0,170.0,26.0,31.0,56.0,107.3,1.57,14.38,79.0,29.0,96.0,351.0,0.19195612431444242,0.21389396709323583,0.1111111111111111,2.0647058823529414,0.15294117647058825,0.232
1,11 June 2026 - Mexico City Stadium - 13:00,South Africa,Mexico,away,36.1,6.8,0.0,0.1,3.0,2.0,351.0,290.0,83.0,57.0,3.0,36.0,8.0,8.0,306.0,45.0,32.0,45.0,97.1,1.43,22.45,141.0,54.0,168.0,547.0,0.1623931623931624,0.10256410256410256,0.2222222222222222,1.7875816993464053,0.14705882352941177,0.24324324324324326
2,11 June 2026 - Guadalajara Stadium - 20:00,South Korea,Czechia,home,55.8,10.1,2.0,1.77,15.0,6.0,542.0,483.0,89.0,92.0,10.0,125.0,17.0,27.0,147.0,22.0,30.0,49.0,111.8,1.7,12.78,57.0,23.0,77.0,327.0,0.16974169741697417,0.23062730627306274,0.136,2.2244897959183674,0.14965986394557823,0.23
2,11 June 2026 - Guadalajara Stadium - 20:00,Czechia,South Korea,away,34.2,10.1,1.0,0.64,7.0,4.0,327.0,241.0,74.0,54.0,5.0,77.0,15.0,10.0,301.0,54.0,40.0,78.0,117.6,1.61,18.42,138.0,41.0,175.0,542.0,0.1651376146788991,0.23547400611620795,0.19480519480519481,1.8006644518272426,0.17940199335548174,0.18981481481481483
3,12 June 2026 - Toronto Stadium - 15:00,Canada,Bosnia and Herzegovina,home,52.8,17.3,1.0,1.49,13.0,4.0,412.0,316.0,77.0,84.0,16.0,143.0,30.0,30.0,160.0,38.0,50.0,94.0,111.3,1.33,8.51,65.0,24.0,87.0,279.0,0.20388349514563106,0.3470873786407767,0.2097902097902098,1.74375,0.2375,0.21621621621621623
3,12 June 2026 - Toronto Stadium - 15:00,Bosnia and Herzegovina,Canada,away,29.9,17.3,1.0,0.76,8.0,3.0,279.0,186.0,67.0,61.0,4.0,51.0,8.0,22.0,203.0,35.0,51.0,79.0,109.5,1.49,12.03,81.0,33.0,100.0,412.0,0.21863799283154123,0.1827956989247312,0.1568627450980392,2.0295566502463056,0.1724137931034483,0.24812030075187969
4,12 June 2026 - Los Angeles Stadium - 18:00,USA,Paraguay,home,59.5,11.8,4.0,1.88,16.0,6.0,602.0,520.0,86.0,129.0,25.0,201.0,23.0,52.0,204.0,39.0,50.0,101.0,119.9,1.37,11.23,96.0,32.0,114.0,316.0,0.21428571428571427,0.3338870431893688,0.11442786069651742,1.5490196078431373,0.19117647058823528,0.2191780821917808
4,12 June 2026 - Los Angeles Stadium - 18:00,Paraguay,USA,away,28.7,11.8,1.0,0.6,9.0,1.0,316.0,234.0,74.0,53.0,3.0,31.0,5.0,17.0,360.0,75.0,49.0,55.0,114.3,1.47,17.37,169.0,47.0,233.0,602.0,0.16772151898734178,0.0981012658227848,0.16129032258064516,1.6722222222222223,0.20833333333333334,0.16785714285714284
5,13 June 2026 - Boston Stadium - 21:00,Haiti,Scotland,home,51.6,7.9,0.0,0.7,15.0,2.0,431.0,378.0,88.0,84.0,4.0,116.0,26.0,24.0,185.0,35.0,29.0,53.0,113.7,1.52,14.86,79.0,29.0,108.0,397.0,0.19489559164733178,0.2691415313225058,0.22413793103448276,2.145945945945946,0.1891891891891892,0.2116788321167883
5,13 June 2026 - Boston Stadium - 21:00,Scotland,Haiti,away,40.5,7.9,1.0,0.91,9.0,2.0,397.0,324.0,82.0,86.0,6.0,77.0,16.0,21.0,230.0,39.0,35.0,52.0,117.6,1.85,21.55,99.0,33.0,150.0,431.0,0.21662468513853905,0.19395465994962216,0.2077922077922078,1.873913043478261,0.16956521739130434,0.18032786885245902
6,13 June 2026 - BC Place Vancouver - 21:00,Australia,Türkiye,home,27.0,10.1,2.0,0.99,9.0,4.0,293.0,224.0,76.0,56.0,10.0,68.0,14.0,22.0,384.0,57.0,35.0,62.0,116.6,1.61,23.57,197.0,56.0,243.0,722.0,0.19112627986348124,0.23208191126279865,0.20588235294117646,1.8802083333333333,0.1484375,0.18729096989966554
6,13 June 2026 - BC Place Vancouver - 21:00,Türkiye,Australia,away,62.9,10.1,0.0,1.66,30.0,7.0,722.0,663.0,92.0,132.0,15.0,348.0,28.0,38.0,170.0,31.0,30.0,87.0,112.5,1.51,10.66,77.0,35.0,98.0,293.0,0.18282548476454294,0.481994459833795,0.08045977011494253,1.723529411764706,0.18235294117647058,0.2631578947368421
7,13 June 2026 - New York/New Jersey Stadium - 18:00,Brazil,Morocco,home,46.7,8.1,1.0,0.99,12.0,5.0,514.0,457.0,89.0,89.0,11.0,100.0,19.0,30.0,315.0,54.0,41.0,56.0,113.7,1.58,18.03,133.0,57.0,187.0,503.0,0.17315175097276264,0.19455252918287938,0.19,1.596825396825397,0.17142857142857143,0.2336065573770492
7,13 June 2026 - New York/New Jersey Stadium - 18:00,Morocco,Brazil,away,45.2,8.1,1.0,1.33,14.0,3.0,503.0,431.0,86.0,81.0,5.0,149.0,14.0,49.0,285.0,41.0,50.0,79.0,114.9,1.59,16.83,145.0,33.0,189.0,514.0,0.1610337972166998,0.2962226640159046,0.09395973154362416,1.8035087719298246,0.14385964912280702,0.14864864864864866
8,13 June 2026 - San Francisco Bay Area Stadium - 12:00,Qatar,Switzerland,home,28.8,12.5,1.0,0.52,6.0,3.0,289.0,213.0,74.0,58.0,2.0,41.0,8.0,13.0,294.0,42.0,36.0,53.0,109.2,1.54,18.41,139.0,42.0,190.0,591.0,0.20069204152249134,0.14186851211072665,0.1951219512195122,2.010204081632653,0.14285714285714285,0.1810344827586207
8,13 June 2026 - San Francisco Bay Area Stadium - 12:00,Switzerland,Qatar,away,58.7,12.5,1.0,3.14,26.0,7.0,591.0,542.0,92.0,122.0,17.0,245.0,34.0,31.0,165.0,33.0,42.0,70.0,109.4,1.78,13.22,77.0,30.0,95.0,289.0,0.20642978003384094,0.41455160744500846,0.13877551020408163,1.7515151515151515,0.2,0.24
9,14 June 2026 - Philadelphia Stadium - 19:00,Côte d'Ivoire,Ecuador,home,41.9,8.2,1.0,1.88,15.0,4.0,471.0,413.0,88.0,113.0,11.0,120.0,15.0,39.0,288.0,31.0,44.0,63.0,109.6,1.47,17.27,151.0,47.0,169.0,513.0,0.23991507430997877,0.25477707006369427,0.125,1.78125,0.1076388888888889,0.2175925925925926
9,14 June 2026 - Philadelphia Stadium - 19:00,Ecuador,Côte d'Ivoire,away,49.9,8.2,0.0,1.36,12.0,1.0,513.0,438.0,85.0,106.0,8.0,97.0,14.0,16.0,280.0,61.0,49.0,60.0,108.4,1.56,15.65,129.0,39.0,164.0,471.0,0.20662768031189083,0.18908382066276802,0.14432989690721648,1.6821428571428572,0.21785714285714286,0.1921182266009852
10,14 June 2026 - Houston Stadium - 12:00,Germany,Curaçao,home,57.8,6.9,7.0,4.17,26.0,12.0,641.0,569.0,89.0,125.0,18.0,252.0,20.0,32.0,227.0,55.0,46.0,82.0,116.2,1.64,11.42,97.0,45.0,118.0,362.0,0.19500780031201248,0.39313572542901715,0.07936507936507936,1.5947136563876652,0.2422907488986784,0.27607361963190186
10,14 June 2026 - Houston Stadium - 12:00,Curaçao,Germany,away,35.3,6.9,1.0,0.4,8.0,2.0,362.0,291.0,80.0,72.0,6.0,61.0,5.0,34.0,339.0,48.0,43.0,58.0,103.5,1.39,18.09,151.0,54.0,190.0,641.0,0.19889502762430938,0.1685082872928177,0.08196721311475409,1.8908554572271385,0.1415929203539823,0.22131147540983606
100,11 July 2026 - Kansas City Stadium - 20:00,Argentina,Switzerland,home,54.7,8.3,3.0,1.99,22.0,7.0,716.0,629.0,88.0,98.0,7.0,256.0,16.0,21.0,241.0,35.0,39.0,69.0,136.7,1.69,15.34,129.0,39.0,146.0,476.0,0.13687150837988826,0.3575418994413408,0.0625,1.9751037344398341,0.14522821576763487,0.21081081081081082
100,11 July 2026 - Kansas City Stadium - 20:00,Switzerland,Argentina,away,37.0,8.3,1.0,0.44,11.0,5.0,476.0,404.0,85.0,99.0,8.0,130.0,22.0,34.0,367.0,47.0,43.0,76.0,138.0,1.56,19.42,182.0,52.0,232.0,716.0,0.20798319327731093,0.27310924369747897,0.16923076923076924,1.9509536784741144,0.12806539509536785,0.18309859154929578
11,14 June 2026 - Dallas Stadium - 15:00,Netherlands,Japan,home,54.9,7.7,2.0,0.63,10.0,6.0,529.0,473.0,89.0,88.0,13.0,156.0,23.0,23.0,194.0,30.0,33.0,49.0,102.9,1.57,14.25,86.0,27.0,129.0,356.0,0.166351606805293,0.2948960302457467,0.14743589743589744,1.8350515463917525,0.15463917525773196,0.17307692307692307
11,14 June 2026 - Dallas Stadium - 15:00,Japan,Netherlands,away,37.4,7.7,2.0,0.34,9.0,2.0,356.0,302.0,85.0,72.0,13.0,120.0,24.0,21.0,316.0,46.0,28.0,50.0,109.4,1.75,22.26,151.0,68.0,193.0,529.0,0.20224719101123595,0.33707865168539325,0.2,1.6740506329113924,0.14556962025316456,0.26053639846743293
12,14 June 2026 - Monterrey Stadium - 20:00,Sweden,Tunisia,home,47.4,9.9,5.0,2.09,13.0,7.0,356.0,290.0,81.0,71.0,13.0,103.0,12.0,26.0,172.0,44.0,42.0,69.0,111.3,1.5,15.0,64.0,27.0,104.0,370.0,0.199438202247191,0.2893258426966292,0.11650485436893204,2.1511627906976742,0.2558139534883721,0.20610687022900764
12,14 June 2026 - Monterrey Stadium - 20:00,Tunisia,Sweden,away,42.7,9.9,1.0,0.34,6.0,2.0,370.0,299.0,81.0,76.0,5.0,84.0,13.0,19.0,223.0,45.0,41.0,67.0,109.7,1.89,17.18,90.0,24.0,152.0,356.0,0.20540540540540542,0.22702702702702704,0.15476190476190477,1.5964125560538116,0.20179372197309417,0.13636363636363635
13,15 June 2026 - Miami Stadium - 18:00,Saudi Arabia,Uruguay,home,27.1,9.6,1.0,1.06,7.0,3.0,331.0,243.0,73.0,54.0,3.0,60.0,6.0,13.0,318.0,40.0,44.0,58.0,109.5,1.47,19.24,129.0,38.0,233.0,623.0,0.16314199395770393,0.18126888217522658,0.1,1.9591194968553458,0.12578616352201258,0.14022140221402213
13,15 June 2026 - Miami Stadium - 18:00,Uruguay,Saudi Arabia,away,63.3,9.6,1.0,1.5,27.0,10.0,623.0,566.0,91.0,128.0,16.0,222.0,42.0,32.0,157.0,23.0,39.0,67.0,110.9,1.4,12.89,64.0,30.0,78.0,331.0,0.20545746388443017,0.3563402889245586,0.1891891891891892,2.1082802547770703,0.1464968152866242,0.2777777777777778
14,15 June 2026 - Atlanta Stadium - 12:00,Spain,Cabo Verde,home,65.7,8.9,0.0,2.26,27.0,7.0,811.0,755.0,93.0,144.0,28.0,426.0,39.0,23.0,200.0,37.0,53.0,83.0,115.5,1.73,9.61,91.0,33.0,114.0,306.0,0.17755856966707767,0.5252774352651048,0.09154929577464789,1.53,0.185,0.22448979591836735
14,15 June 2026 - Atlanta Stadium - 12:00,Cabo Verde,Spain,away,25.4,8.9,0.0,0.13,6.0,1.0,306.0,227.0,74.0,57.0,1.0,17.0,3.0,23.0,398.0,44.0,47.0,54.0,112.4,1.36,24.76,182.0,60.0,252.0,811.0,0.18627450980392157,0.05555555555555555,0.17647058823529413,2.0376884422110555,0.11055276381909548,0.19230769230769232
15,15 June 2026 - Los Angeles Stadium - 18:00,IR Iran,New Zealand,home,43.3,11.4,2.0,1.85,17.0,4.0,417.0,333.0,80.0,75.0,15.0,98.0,18.0,31.0,253.0,54.0,46.0,83.0,113.0,1.58,12.89,112.0,34.0,153.0,448.0,0.17985611510791366,0.23501199040767387,0.1836734693877551,1.7707509881422925,0.2134387351778656,0.18181818181818182
15,15 June 2026 - Los Angeles Stadium - 18:00,New Zealand,IR Iran,away,45.3,11.4,2.0,1.47,14.0,8.0,448.0,378.0,84.0,89.0,3.0,104.0,11.0,22.0,234.0,42.0,47.0,67.0,112.9,1.8,12.89,95.0,40.0,143.0,417.0,0.19866071428571427,0.23214285714285715,0.10576923076923077,1.7820512820512822,0.1794871794871795,0.2185792349726776
16,15 June 2026 - Seattle Stadium - 12:00,Belgium,Egypt,home,45.5,16.4,1.0,1.07,15.0,4.0,476.0,415.0,87.0,106.0,14.0,181.0,15.0,36.0,227.0,44.0,41.0,70.0,113.3,1.54,12.36,96.0,36.0,129.0,411.0,0.22268907563025211,0.3802521008403361,0.08287292817679558,1.8105726872246697,0.19383259911894274,0.21818181818181817
16,15 June 2026 - Seattle Stadium - 12:00,Egypt,Belgium,away,38.1,16.4,1.0,0.73,14.0,3.0,411.0,339.0,82.0,78.0,11.0,96.0,17.0,22.0,258.0,68.0,52.0,66.0,111.3,1.39,18.55,106.0,33.0,140.0,476.0,0.1897810218978102,0.23357664233576642,0.17708333333333334,1.8449612403100775,0.26356589147286824,0.1907514450867052
17,16 June 2026 - New York/New Jersey Stadium - 15:00,France,Senegal,home,49.4,6.2,3.0,1.62,11.0,8.0,584.0,516.0,88.0,118.0,11.0,99.0,9.0,37.0,277.0,49.0,54.0,67.0,120.2,1.7,16.75,135.0,56.0,142.0,521.0,0.20205479452054795,0.1695205479452055,0.09090909090909091,1.8808664259927799,0.17689530685920576,0.2828282828282828
17,16 June 2026 - New York/New Jersey Stadium - 15:00,Senegal,France,away,44.5,6.2,1.0,0.39,6.0,2.0,521.0,453.0,87.0,101.0,11.0,78.0,11.0,28.0,308.0,44.0,39.0,64.0,116.7,1.42,19.16,135.0,51.0,186.0,584.0,0.19385796545105566,0.14971209213051823,0.14102564102564102,1.896103896103896,0.14285714285714285,0.21518987341772153
18,16 June 2026 - Boston Stadium - 18:00,Iraq,Norway,home,34.7,8.1,1.0,1.2,11.0,1.0,347.0,286.0,82.0,70.0,11.0,72.0,9.0,24.0,288.0,64.0,42.0,52.0,111.7,1.64,22.84,153.0,50.0,165.0,548.0,0.2017291066282421,0.207492795389049,0.125,1.9027777777777777,0.2222222222222222,0.23255813953488372
18,16 June 2026 - Boston Stadium - 18:00,Norway,Iraq,away,57.2,8.1,4.0,2.41,11.0,5.0,548.0,493.0,90.0,116.0,16.0,101.0,17.0,34.0,173.0,34.0,31.0,52.0,116.3,1.56,13.7,79.0,27.0,92.0,347.0,0.2116788321167883,0.1843065693430657,0.16831683168316833,2.005780346820809,0.19653179190751446,0.226890756302521
19,16 June 2026 - Kansas City Stadium - 20:00,Argentina,Algeria,home,44.6,4.6,3.0,1.58,10.0,6.0,578.0,517.0,89.0,102.0,8.0,68.0,5.0,18.0,288.0,57.0,46.0,50.0,108.4,1.4,18.45,131.0,39.0,176.0,634.0,0.17647058823529413,0.11764705882352941,0.07352941176470588,2.201388888888889,0.19791666666666666,0.1813953488372093
19,16 June 2026 - Kansas City Stadium - 20:00,Algeria,Argentina,away,50.8,4.6,0.0,0.41,7.0,1.0,634.0,578.0,91.0,115.0,7.0,160.0,8.0,40.0,332.0,37.0,40.0,59.0,109.3,1.7,20.18,145.0,78.0,175.0,578.0,0.18138801261829654,0.25236593059936907,0.05,1.7409638554216869,0.11144578313253012,0.308300395256917
20,16 June 2026 - San Francisco Bay Area Stadium - 21:00,Austria,Jordan,home,53.3,13.6,3.0,1.93,10.0,4.0,587.0,499.0,85.0,112.0,14.0,132.0,17.0,35.0,206.0,44.0,54.0,83.0,120.4,1.49,11.84,93.0,20.0,148.0,344.0,0.19080068143100512,0.22487223168654175,0.12878787878787878,1.6699029126213591,0.21359223300970873,0.11904761904761904
20,16 June 2026 - San Francisco Bay Area Stadium - 21:00,Jordan,Austria,away,33.0,13.6,1.0,0.53,11.0,4.0,344.0,254.0,74.0,63.0,4.0,91.0,15.0,23.0,322.0,42.0,55.0,85.0,119.2,1.84,17.53,164.0,57.0,203.0,587.0,0.18313953488372092,0.26453488372093026,0.16483516483516483,1.8229813664596273,0.13043478260869565,0.21923076923076923
21,17 June 2026 - Toronto Stadium - 19:00,Ghana,Panama,home,35.6,8.9,1.0,0.98,7.0,2.0,362.0,304.0,84.0,70.0,12.0,66.0,17.0,36.0,294.0,60.0,49.0,70.0,119.0,1.52,22.37,117.0,37.0,189.0,597.0,0.19337016574585636,0.18232044198895028,0.25757575757575757,2.0306122448979593,0.20408163265306123,0.16371681415929204
21,17 June 2026 - Toronto Stadium - 19:00,Panama,Ghana,away,55.5,8.9,0.0,0.77,11.0,4.0,597.0,526.0,88.0,105.0,8.0,114.0,21.0,22.0,201.0,62.0,48.0,75.0,117.3,1.83,12.16,80.0,26.0,104.0,362.0,0.17587939698492464,0.19095477386934673,0.18421052631578946,1.800995024875622,0.30845771144278605,0.2
22,17 June 2026 - Dallas Stadium - 15:00,England,Croatia,home,49.0,7.5,4.0,3.33,22.0,11.0,482.0,421.0,87.0,82.0,11.0,78.0,15.0,23.0,262.0,38.0,36.0,63.0,117.0,1.61,18.03,137.0,71.0,141.0,459.0,0.17012448132780084,0.16182572614107885,0.19230769230769232,1.751908396946565,0.1450381679389313,0.33490566037735847
22,17 June 2026 - Dallas Stadium - 15:00,Croatia,England,away,43.5,7.5,2.0,0.82,10.0,5.0,459.0,399.0,87.0,85.0,8.0,89.0,12.0,20.0,295.0,50.0,35.0,48.0,113.7,1.51,17.07,156.0,45.0,182.0,482.0,0.18518518518518517,0.19389978213507625,0.1348314606741573,1.6338983050847458,0.1694915254237288,0.19823788546255505
23,17 June 2026 - Houston Stadium - 12:00,Portugal,Congo DR,home,68.9,5.8,1.0,0.57,7.0,1.0,804.0,740.0,92.0,146.0,18.0,222.0,23.0,27.0,183.0,24.0,29.0,70.0,109.8,1.62,11.03,74.0,42.0,98.0,268.0,0.18159203980099503,0.27611940298507465,0.1036036036036036,1.46448087431694,0.13114754098360656,0.3
23,17 June 2026 - Houston Stadium - 12:00,Congo DR,Portugal,away,25.3,5.8,1.0,0.54,8.0,2.0,268.0,214.0,80.0,60.0,4.0,62.0,10.0,24.0,407.0,41.0,42.0,46.0,112.4,1.67,33.49,183.0,59.0,292.0,804.0,0.22388059701492538,0.23134328358208955,0.16129032258064516,1.9754299754299753,0.10073710073710074,0.16809116809116809
24,17 June 2026 - Mexico City Stadium - 20:00,Uzbekistan,Colombia,home,33.9,9.4,1.0,1.11,8.0,2.0,334.0,267.0,80.0,70.0,6.0,64.0,11.0,20.0,264.0,36.0,32.0,40.0,112.0,1.6,17.99,120.0,53.0,151.0,534.0,0.20958083832335328,0.19161676646706588,0.171875,2.022727272727273,0.13636363636363635,0.25980392156862747
24,17 June 2026 - Mexico City Stadium - 20:00,Colombia,Uzbekistan,away,56.7,9.4,3.0,1.16,15.0,4.0,534.0,469.0,88.0,72.0,3.0,110.0,18.0,23.0,160.0,32.0,31.0,60.0,108.7,1.35,12.6,66.0,31.0,91.0,334.0,0.1348314606741573,0.20599250936329588,0.16363636363636364,2.0875,0.2,0.2540983606557377
25,18 June 2026 - Atlanta Stadium - 12:00,Czechia,South Africa,home,32.4,7.4,1.0,1.36,14.0,3.0,352.0,279.0,79.0,87.0,6.0,73.0,15.0,22.0,343.0,40.0,41.0,64.0,119.6,1.61,20.66,178.0,47.0,200.0,584.0,0.2471590909090909,0.20738636363636365,0.2054794520547945,1.7026239067055393,0.11661807580174927,0.1902834008097166
25,18 June 2026 - Atlanta Stadium - 12:00,South Africa,Czechia,away,60.3,7.4,1.0,1.34,17.0,4.0,584.0,518.0,89.0,114.0,8.0,126.0,16.0,20.0,233.0,41.0,44.0,66.0,112.0,1.45,12.29,93.0,44.0,117.0,352.0,0.1952054794520548,0.21575342465753425,0.12698412698412698,1.5107296137339057,0.1759656652360515,0.2732919254658385
26,18 June 2026 - Los Angeles Stadium - 12:00,Switzerland,Bosnia and Herzegovina,home,57.8,8.1,4.0,1.85,13.0,7.0,601.0,531.0,88.0,115.0,18.0,166.0,24.0,24.0,234.0,40.0,46.0,70.0,114.9,1.55,12.87,103.0,35.0,128.0,359.0,0.1913477537437604,0.2762063227953411,0.14457831325301204,1.5341880341880343,0.17094017094017094,0.2147239263803681
26,18 June 2026 - Los Angeles Stadium - 12:00,Bosnia and Herzegovina,Switzerland,away,34.1,8.1,1.0,0.3,5.0,3.0,359.0,289.0,81.0,69.0,6.0,61.0,14.0,24.0,339.0,48.0,42.0,62.0,113.1,1.42,18.4,154.0,54.0,200.0,601.0,0.19220055710306408,0.16991643454038996,0.22950819672131148,1.7728613569321534,0.1415929203539823,0.2125984251968504
27,18 June 2026 - BC Place Vancouver - 15:00,Canada,Qatar,home,65.8,13.7,6.0,3.9,33.0,11.0,575.0,535.0,93.0,131.0,23.0,416.0,61.0,16.0,107.0,27.0,31.0,89.0,111.2,1.36,8.44,50.0,27.0,55.0,166.0,0.22782608695652173,0.7234782608695652,0.1466346153846154,1.5514018691588785,0.2523364485981308,0.32926829268292684
27,18 June 2026 - BC Place Vancouver - 15:00,Qatar,Canada,away,20.5,13.7,0.0,0.2,2.0,0.0,166.0,107.0,64.0,23.0,3.0,11.0,2.0,7.0,274.0,43.0,23.0,34.0,90.8,1.39,21.02,121.0,42.0,176.0,575.0,0.13855421686746988,0.06626506024096386,0.18181818181818182,2.0985401459854014,0.15693430656934307,0.1926605504587156
28,18 June 2026 - Guadalajara Stadium - 19:00,Mexico,South Korea,home,40.8,7.3,1.0,0.34,8.0,4.0,432.0,360.0,83.0,76.0,4.0,56.0,5.0,18.0,265.0,39.0,46.0,69.0,116.5,1.66,14.39,137.0,37.0,157.0,593.0,0.17592592592592593,0.12962962962962962,0.08928571428571429,2.237735849056604,0.1471698113207547,0.19072164948453607
28,18 June 2026 - Guadalajara Stadium - 19:00,South Korea,Mexico,away,51.8,7.3,0.0,0.87,9.0,2.0,593.0,510.0,86.0,75.0,9.0,84.0,8.0,16.0,217.0,37.0,48.0,62.0,112.1,1.46,17.59,115.0,33.0,108.0,432.0,0.12647554806070826,0.14165261382799327,0.09523809523809523,1.9907834101382489,0.17050691244239632,0.23404255319148937
29,19 June 2026 - Philadelphia Stadium - 20:30,Brazil,Haiti,home,49.0,7.8,3.0,1.42,7.0,4.0,551.0,484.0,88.0,105.0,13.0,84.0,11.0,21.0,195.0,32.0,39.0,50.0,113.6,1.75,16.92,74.0,39.0,107.0,402.0,0.19056261343012704,0.15245009074410162,0.13095238095238096,2.0615384615384613,0.1641025641025641,0.2671232876712329
29,19 June 2026 - Philadelphia Stadium - 20:30,Haiti,Brazil,away,43.2,7.8,0.0,0.26,7.0,3.0,402.0,338.0,84.0,84.0,10.0,88.0,13.0,29.0,294.0,58.0,34.0,63.0,112.8,1.58,18.9,160.0,45.0,174.0,551.0,0.208955223880597,0.21890547263681592,0.14772727272727273,1.8741496598639455,0.19727891156462585,0.2054794520547945
30,19 June 2026 - Boston Stadium - 18:00,Scotland,Morocco,home,39.1,6.1,0.0,0.74,6.0,0.0,460.0,403.0,88.0,87.0,5.0,77.0,13.0,26.0,304.0,36.0,39.0,49.0,117.8,1.63,25.46,149.0,41.0,172.0,676.0,0.1891304347826087,0.1673913043478261,0.16883116883116883,2.223684210526316,0.11842105263157894,0.19248826291079812
30,19 June 2026 - Boston Stadium - 18:00,Morocco,Scotland,away,54.8,6.1,1.0,0.8,12.0,2.0,676.0,612.0,91.0,83.0,8.0,99.0,13.0,32.0,260.0,56.0,40.0,61.0,115.4,1.62,17.19,120.0,45.0,147.0,460.0,0.1227810650887574,0.14644970414201183,0.13131313131313133,1.7692307692307692,0.2153846153846154,0.234375
31,19 June 2026 - San Francisco Bay Area Stadium - 20:00,Türkiye,Paraguay,home,67.7,13.1,0.0,2.13,32.0,5.0,666.0,594.0,89.0,153.0,17.0,319.0,45.0,43.0,101.0,36.0,41.0,92.0,123.3,1.68,7.09,24.0,20.0,58.0,171.0,0.22972972972972974,0.47897897897897895,0.14106583072100312,1.693069306930693,0.3564356435643564,0.2564102564102564
31,19 June 2026 - San Francisco Bay Area Stadium - 20:00,Paraguay,Türkiye,away,19.2,13.1,1.0,0.36,7.0,2.0,171.0,92.0,54.0,45.0,3.0,40.0,9.0,17.0,367.0,69.0,50.0,61.0,117.0,1.57,18.41,166.0,40.0,251.0,666.0,0.2631578947368421,0.23391812865497075,0.225,1.8147138964577656,0.1880108991825613,0.13745704467353953
32,19 June 2026 - Seattle Stadium - 12:00,USA,Australia,home,56.0,13.7,2.0,1.58,10.0,2.0,531.0,465.0,88.0,95.0,17.0,126.0,15.0,33.0,167.0,50.0,39.0,65.0,111.1,1.34,10.52,77.0,22.0,102.0,308.0,0.17890772128060264,0.23728813559322035,0.11904761904761904,1.844311377245509,0.2994011976047904,0.1774193548387097
32,19 June 2026 - Seattle Stadium - 12:00,Australia,USA,away,30.3,13.7,0.0,0.31,5.0,2.0,308.0,238.0,77.0,71.0,11.0,89.0,20.0,31.0,262.0,40.0,40.0,70.0,112.8,1.56,15.89,132.0,32.0,152.0,531.0,0.2305194805194805,0.288961038961039,0.2247191011235955,2.0267175572519083,0.15267175572519084,0.17391304347826086
33,20 June 2026 - Toronto Stadium - 16:00,Germany,Côte d'Ivoire,home,49.5,9.3,2.0,2.47,16.0,7.0,634.0,578.0,91.0,133.0,13.0,215.0,20.0,28.0,293.0,59.0,47.0,69.0,125.8,1.7,13.7,106.0,46.0,158.0,449.0,0.20977917981072555,0.3391167192429022,0.09302325581395349,1.5324232081911262,0.20136518771331058,0.22549019607843138
33,20 June 2026 - Toronto Stadium - 16:00,Côte d'Ivoire,Germany,away,41.2,9.3,1.0,1.27,9.0,2.0,449.0,387.0,86.0,92.0,9.0,92.0,12.0,50.0,316.0,57.0,43.0,60.0,113.1,1.46,19.38,165.0,53.0,161.0,634.0,0.20489977728285078,0.20489977728285078,0.13043478260869565,2.0063291139240507,0.18037974683544303,0.24766355140186916
34,20 June 2026 - Kansas City Stadium - 19:00,Ecuador,Curaçao,home,65.8,10.8,0.0,2.76,27.0,15.0,663.0,601.0,91.0,125.0,19.0,238.0,33.0,41.0,155.0,49.0,43.0,92.0,103.7,1.71,8.17,52.0,22.0,69.0,237.0,0.1885369532428356,0.358974358974359,0.13865546218487396,1.5290322580645161,0.3161290322580645,0.24175824175824176
34,20 June 2026 - Kansas City Stadium - 19:00,Curaçao,Ecuador,away,23.4,10.8,0.0,0.63,10.0,3.0,237.0,167.0,70.0,59.0,1.0,50.0,1.0,31.0,345.0,50.0,35.0,60.0,106.1,1.55,20.39,154.0,52.0,209.0,663.0,0.2489451476793249,0.2109704641350211,0.02,1.9217391304347826,0.14492753623188406,0.19923371647509577
35,20 June 2026 - Houston Stadium - 12:00,Netherlands,Sweden,home,48.2,8.5,5.0,2.25,10.0,7.0,447.0,398.0,89.0,96.0,14.0,97.0,19.0,25.0,232.0,38.0,47.0,54.0,108.4,1.52,14.95,105.0,38.0,121.0,438.0,0.21476510067114093,0.21700223713646533,0.1958762886597938,1.8879310344827587,0.16379310344827586,0.2389937106918239
35,20 June 2026 - Houston Stadium - 12:00,Sweden,Netherlands,away,43.3,8.5,1.0,1.3,16.0,8.0,438.0,377.0,86.0,100.0,12.0,118.0,23.0,20.0,228.0,38.0,37.0,53.0,110.1,1.72,19.18,107.0,42.0,123.0,447.0,0.228310502283105,0.2694063926940639,0.19491525423728814,1.9605263157894737,0.16666666666666666,0.2545454545454545
36,20 June 2026 - Monterrey Stadium - 22:00,Tunisia,Japan,home,36.4,8.5,0.0,0.02,2.0,0.0,376.0,305.0,81.0,58.0,6.0,55.0,9.0,13.0,233.0,35.0,34.0,45.0,112.4,1.38,22.13,130.0,36.0,146.0,593.0,0.15425531914893617,0.14627659574468085,0.16363636363636364,2.5450643776824036,0.15021459227467812,0.1978021978021978
36,20 June 2026 - Monterrey Stadium - 22:00,Japan,Tunisia,away,55.1,8.5,4.0,1.36,10.0,4.0,593.0,535.0,90.0,85.0,10.0,119.0,12.0,17.0,219.0,50.0,35.0,52.0,112.2,1.56,13.74,98.0,23.0,132.0,376.0,0.1433389544688027,0.20067453625632378,0.10084033613445378,1.7168949771689497,0.228310502283105,0.14838709677419354
37,21 June 2026 - Miami Stadium - 18:00,Uruguay,Cabo Verde,home,54.9,11.7,2.0,2.23,17.0,2.0,517.0,444.0,86.0,92.0,16.0,183.0,27.0,31.0,198.0,43.0,41.0,78.0,112.8,1.62,10.66,76.0,34.0,103.0,293.0,0.17794970986460348,0.3539651837524178,0.14754098360655737,1.47979797979798,0.21717171717171718,0.24817518248175183
37,21 June 2026 - Miami Stadium - 18:00,Cabo Verde,Uruguay,away,33.4,11.7,2.0,0.54,12.0,4.0,293.0,218.0,74.0,62.0,2.0,47.0,8.0,29.0,233.0,39.0,46.0,61.0,107.4,1.55,14.43,95.0,30.0,162.0,517.0,0.21160409556313994,0.16040955631399317,0.1702127659574468,2.218884120171674,0.16738197424892703,0.15625
38,21 June 2026 - Atlanta Stadium - 12:00,Spain,Saudi Arabia,home,63.2,6.9,4.0,3.2,22.0,8.0,743.0,688.0,93.0,159.0,18.0,259.0,28.0,25.0,214.0,30.0,44.0,87.0,115.5,1.49,9.49,125.0,30.0,127.0,389.0,0.21399730820995963,0.34858681022880217,0.10810810810810811,1.8177570093457944,0.14018691588785046,0.1910828025477707
38,21 June 2026 - Atlanta Stadium - 12:00,Saudi Arabia,Spain,away,30.0,6.9,0.0,0.11,3.0,2.0,389.0,309.0,79.0,77.0,7.0,63.0,4.0,19.0,413.0,34.0,42.0,54.0,115.0,1.38,20.44,195.0,64.0,266.0,743.0,0.19794344473007713,0.16195372750642673,0.06349206349206349,1.7990314769975786,0.08232445520581114,0.19393939393939394
39,21 June 2026 - Los Angeles Stadium - 12:00,Belgium,IR Iran,home,59.2,10.6,0.0,1.48,23.0,7.0,637.0,562.0,88.0,120.0,11.0,267.0,35.0,33.0,121.0,13.0,45.0,90.0,111.7,1.57,10.46,45.0,18.0,74.0,275.0,0.18838304552590268,0.41915227629513346,0.13108614232209737,2.272727272727273,0.10743801652892562,0.1956521739130435
39,21 June 2026 - Los Angeles Stadium - 12:00,IR Iran,Belgium,away,30.2,10.6,0.0,0.48,7.0,3.0,275.0,201.0,73.0,40.0,3.0,46.0,11.0,9.0,343.0,49.0,43.0,59.0,112.6,1.51,18.47,141.0,52.0,202.0,637.0,0.14545454545454545,0.16727272727272727,0.2391304347826087,1.8571428571428572,0.14285714285714285,0.2047244094488189
40,21 June 2026 - BC Place Vancouver - 18:00,New Zealand,Egypt,home,39.4,10.3,1.0,0.71,11.0,5.0,437.0,355.0,81.0,85.0,4.0,80.0,13.0,23.0,289.0,47.0,39.0,76.0,118.5,1.78,16.03,115.0,33.0,200.0,544.0,0.1945080091533181,0.18306636155606407,0.1625,1.8823529411764706,0.16262975778546712,0.14163090128755365
40,21 June 2026 - BC Place Vancouver - 18:00,Egypt,New Zealand,away,50.3,10.3,3.0,2.1,19.0,7.0,544.0,486.0,89.0,110.0,9.0,167.0,20.0,17.0,249.0,45.0,51.0,72.0,118.3,1.6,12.91,126.0,49.0,133.0,437.0,0.20220588235294118,0.3069852941176471,0.11976047904191617,1.7550200803212852,0.18072289156626506,0.2692307692307692
41,22 June 2026 - New York/New Jersey Stadium - 20:00,Norway,Senegal,home,40.1,8.4,3.0,1.5,13.0,7.0,361.0,295.0,82.0,68.0,5.0,87.0,11.0,19.0,224.0,33.0,32.0,55.0,120.3,1.35,16.83,102.0,42.0,132.0,504.0,0.1883656509695291,0.2409972299168975,0.12643678160919541,2.25,0.14732142857142858,0.2413793103448276
41,22 June 2026 - New York/New Jersey Stadium - 20:00,Senegal,Norway,away,51.4,8.4,2.0,2.05,16.0,4.0,504.0,447.0,89.0,99.0,12.0,181.0,23.0,27.0,233.0,41.0,36.0,74.0,111.2,1.75,17.16,112.0,40.0,126.0,361.0,0.19642857142857142,0.35912698412698413,0.1270718232044199,1.5493562231759657,0.1759656652360515,0.24096385542168675
42,22 June 2026 - Philadelphia Stadium - 17:00,France,Iraq,home,49.0,6.7,3.0,2.3,19.0,5.0,604.0,553.0,92.0,117.0,21.0,246.0,19.0,38.0,257.0,35.0,42.0,79.0,107.7,1.59,17.49,102.0,63.0,134.0,502.0,0.19370860927152317,0.40728476821192056,0.07723577235772358,1.953307392996109,0.13618677042801555,0.3197969543147208
42,22 June 2026 - Philadelphia Stadium - 17:00,Iraq,France,away,44.3,6.7,0.0,0.7,4.0,0.0,502.0,431.0,86.0,89.0,6.0,50.0,10.0,26.0,304.0,43.0,37.0,55.0,112.1,1.9,20.34,117.0,46.0,207.0,604.0,0.17729083665338646,0.099601593625498,0.2,1.986842105263158,0.14144736842105263,0.18181818181818182
43,22 June 2026 - Dallas Stadium - 12:00,Argentina,Austria,home,48.2,8.4,2.0,2.45,12.0,5.0,564.0,509.0,90.0,87.0,6.0,103.0,6.0,14.0,229.0,35.0,41.0,53.0,104.4,1.58,19.9,108.0,31.0,141.0,475.0,0.15425531914893617,0.18262411347517732,0.05825242718446602,2.074235807860262,0.15283842794759825,0.18023255813953487
43,22 June 2026 - Dallas Stadium - 12:00,Austria,Argentina,away,43.5,8.4,0.0,0.63,6.0,1.0,475.0,416.0,88.0,91.0,13.0,146.0,18.0,18.0,299.0,48.0,31.0,65.0,107.8,1.41,22.73,144.0,53.0,189.0,564.0,0.19157894736842104,0.30736842105263157,0.1232876712328767,1.8862876254180603,0.1605351170568562,0.2190082644628099
44,22 June 2026 - San Francisco Bay Area Stadium - 20:00,Jordan,Algeria,home,27.7,10.1,1.0,0.38,8.0,4.0,270.0,201.0,74.0,71.0,12.0,49.0,7.0,29.0,355.0,76.0,47.0,67.0,117.5,1.68,17.74,159.0,54.0,222.0,661.0,0.26296296296296295,0.1814814814814815,0.14285714285714285,1.8619718309859155,0.2140845070422535,0.1956521739130435
44,22 June 2026 - San Francisco Bay Area Stadium - 20:00,Algeria,Jordan,away,62.2,10.1,2.0,2.05,17.0,8.0,661.0,590.0,89.0,99.0,19.0,182.0,20.0,39.0,199.0,48.0,55.0,85.0,116.3,1.65,9.12,69.0,20.0,117.0,270.0,0.14977307110438728,0.2753403933434191,0.10989010989010989,1.35678391959799,0.24120603015075376,0.145985401459854
45,23 June 2026 - Boston Stadium - 16:00,England,Ghana,home,72.4,7.6,0.0,1.78,19.0,3.0,652.0,605.0,93.0,106.0,16.0,218.0,32.0,31.0,105.0,39.0,25.0,65.0,108.3,1.67,7.92,25.0,21.0,59.0,179.0,0.16257668711656442,0.3343558282208589,0.14678899082568808,1.7047619047619047,0.37142857142857144,0.2625
45,23 June 2026 - Boston Stadium - 16:00,Ghana,England,away,20.0,7.6,0.0,0.34,2.0,0.0,179.0,128.0,72.0,36.0,6.0,24.0,5.0,11.0,298.0,50.0,31.0,32.0,105.9,1.75,22.47,166.0,48.0,175.0,652.0,0.2011173184357542,0.1340782122905028,0.20833333333333334,2.1879194630872485,0.16778523489932887,0.21524663677130046
46,23 June 2026 - Toronto Stadium - 19:00,Panama,Croatia,home,37.2,10.4,0.0,0.69,8.0,1.0,356.0,282.0,79.0,80.0,10.0,97.0,27.0,24.0,269.0,58.0,44.0,81.0,108.2,1.68,16.89,102.0,33.0,177.0,518.0,0.2247191011235955,0.27247191011235955,0.27835051546391754,1.9256505576208178,0.21561338289962825,0.15714285714285714
46,23 June 2026 - Toronto Stadium - 19:00,Croatia,Panama,away,52.5,10.4,1.0,0.82,6.0,2.0,518.0,445.0,86.0,75.0,16.0,96.0,18.0,19.0,236.0,51.0,47.0,65.0,110.0,1.48,13.19,102.0,39.0,133.0,356.0,0.14478764478764478,0.18532818532818532,0.1875,1.5084745762711864,0.21610169491525424,0.22674418604651161
47,23 June 2026 - Houston Stadium - 12:00,Portugal,Uzbekistan,home,56.1,9.8,5.0,2.03,17.0,9.0,639.0,577.0,90.0,135.0,19.0,179.0,24.0,43.0,197.0,43.0,37.0,67.0,110.2,1.65,11.65,70.0,31.0,107.0,347.0,0.2112676056338028,0.28012519561815336,0.1340782122905028,1.7614213197969544,0.2182741116751269,0.2246376811594203
47,23 June 2026 - Houston Stadium - 12:00,Uzbekistan,Portugal,away,34.0,9.8,0.0,0.44,7.0,2.0,347.0,278.0,80.0,63.0,3.0,63.0,8.0,21.0,338.0,44.0,49.0,61.0,109.6,1.7,18.43,145.0,58.0,198.0,639.0,0.18155619596541786,0.18155619596541786,0.12698412698412698,1.8905325443786982,0.1301775147928994,0.2265625
48,23 June 2026 - Guadalajara Stadium - 20:00,Colombia,Congo DR,home,58.5,8.6,1.0,1.54,20.0,9.0,548.0,475.0,87.0,94.0,10.0,146.0,14.0,14.0,155.0,31.0,40.0,64.0,104.0,1.52,11.25,82.0,25.0,72.0,315.0,0.17153284671532848,0.2664233576642336,0.0958904109589041,2.032258064516129,0.2,0.25773195876288657
48,23 June 2026 - Guadalajara Stadium - 20:00,Congo DR,Colombia,away,32.9,8.6,0.0,0.42,7.0,1.0,315.0,236.0,75.0,51.0,6.0,56.0,13.0,10.0,300.0,47.0,40.0,59.0,106.0,1.59,18.82,124.0,35.0,195.0,548.0,0.1619047619047619,0.17777777777777778,0.23214285714285715,1.8266666666666667,0.15666666666666668,0.15217391304347827
49,24 June 2026 - Miami Stadium - 18:00,Scotland,Brazil,home,43.0,6.0,0.0,0.69,14.0,5.0,520.0,466.0,90.0,99.0,7.0,96.0,24.0,15.0,241.0,34.0,33.0,49.0,113.2,1.6,23.3,82.0,35.0,127.0,615.0,0.19038461538461537,0.18461538461538463,0.25,2.5518672199170123,0.14107883817427386,0.21604938271604937
49,24 June 2026 - Miami Stadium - 18:00,Brazil,Scotland,away,51.1,6.0,3.0,3.78,21.0,9.0,615.0,571.0,93.0,108.0,9.0,139.0,13.0,20.0,227.0,24.0,28.0,53.0,110.7,1.59,19.24,120.0,38.0,136.0,520.0,0.17560975609756097,0.22601626016260162,0.09352517985611511,2.290748898678414,0.10572687224669604,0.21839080459770116
50,24 June 2026 - Atlanta Stadium - 18:00,Morocco,Haiti,home,60.1,8.4,4.0,2.12,22.0,11.0,557.0,495.0,89.0,124.0,19.0,157.0,31.0,39.0,172.0,57.0,38.0,64.0,111.2,1.63,11.41,65.0,29.0,96.0,265.0,0.22262118491921004,0.28186714542190305,0.19745222929936307,1.5406976744186047,0.3313953488372093,0.232
50,24 June 2026 - Atlanta Stadium - 18:00,Haiti,Morocco,away,31.5,8.4,2.0,0.65,9.0,2.0,265.0,212.0,80.0,49.0,3.0,40.0,3.0,32.0,331.0,50.0,50.0,59.0,107.5,1.46,15.41,146.0,44.0,216.0,557.0,0.18490566037735848,0.1509433962264151,0.075,1.6827794561933536,0.1510574018126888,0.16923076923076924
51,24 June 2026 - BC Place Vancouver - 12:00,Switzerland,Canada,home,48.8,11.1,2.0,1.68,6.0,4.0,471.0,389.0,83.0,95.0,6.0,55.0,8.0,16.0,216.0,50.0,49.0,53.0,109.9,1.59,9.99,94.0,27.0,136.0,353.0,0.20169851380042464,0.11677282377919321,0.14545454545454545,1.6342592592592593,0.23148148148148148,0.1656441717791411
51,24 June 2026 - BC Place Vancouver - 12:00,Canada,Switzerland,away,40.1,11.1,1.0,1.61,13.0,7.0,353.0,275.0,78.0,87.0,7.0,103.0,26.0,21.0,299.0,44.0,50.0,64.0,114.6,1.38,14.55,141.0,54.0,177.0,471.0,0.24645892351274787,0.29178470254957506,0.2524271844660194,1.5752508361204014,0.14715719063545152,0.23376623376623376
52,24 June 2026 - Seattle Stadium - 12:00,Bosnia and Herzegovina,Qatar,home,48.7,8.7,3.0,0.77,14.0,5.0,521.0,461.0,88.0,99.0,8.0,92.0,25.0,29.0,248.0,41.0,43.0,59.0,113.8,1.46,14.56,126.0,43.0,135.0,457.0,0.19001919385796545,0.1765834932821497,0.2717391304347826,1.842741935483871,0.16532258064516128,0.24157303370786518
52,24 June 2026 - Seattle Stadium - 12:00,Qatar,Bosnia and Herzegovina,away,42.6,8.7,1.0,1.17,9.0,3.0,457.0,388.0,85.0,90.0,14.0,94.0,18.0,13.0,264.0,37.0,42.0,55.0,110.0,1.57,21.05,112.0,36.0,171.0,521.0,0.19693654266958424,0.20568927789934355,0.19148936170212766,1.9734848484848484,0.14015151515151514,0.17391304347826086
53,24 June 2026 - Mexico City Stadium - 19:00,Czechia,Mexico,home,44.7,8.8,0.0,0.44,13.0,1.0,423.0,352.0,83.0,82.0,6.0,80.0,20.0,18.0,213.0,27.0,38.0,66.0,111.6,1.59,17.59,86.0,24.0,129.0,394.0,0.1938534278959811,0.18912529550827423,0.25,1.8497652582159625,0.1267605633802817,0.1568627450980392
53,24 June 2026 - Mexico City Stadium - 19:00,Mexico,Czechia,away,46.5,8.8,3.0,2.1,11.0,5.0,394.0,340.0,86.0,71.0,5.0,109.0,14.0,14.0,233.0,23.0,35.0,51.0,114.7,1.54,15.17,130.0,50.0,134.0,423.0,0.1802030456852792,0.2766497461928934,0.12844036697247707,1.815450643776824,0.09871244635193133,0.2717391304347826
54,24 June 2026 - Monterrey Stadium - 19:00,South Africa,South Korea,home,30.3,8.9,1.0,0.89,13.0,4.0,345.0,279.0,81.0,69.0,2.0,53.0,7.0,21.0,321.0,37.0,40.0,68.0,111.8,1.59,24.27,145.0,55.0,209.0,718.0,0.2,0.1536231884057971,0.1320754716981132,2.236760124610592,0.11526479750778816,0.20833333333333334
54,24 June 2026 - Monterrey Stadium - 19:00,South Korea,South Africa,away,60.9,8.9,0.0,0.74,8.0,3.0,718.0,657.0,92.0,114.0,20.0,187.0,39.0,15.0,199.0,27.0,28.0,63.0,111.0,1.58,14.27,75.0,35.0,112.0,345.0,0.15877437325905291,0.2604456824512535,0.20855614973262032,1.7336683417085428,0.135678391959799,0.23809523809523808
55,25 June 2026 - Philadelphia Stadium - 16:00,Curaçao,Côte d'Ivoire,home,37.9,6.9,0.0,0.66,11.0,2.0,369.0,312.0,85.0,78.0,9.0,69.0,15.0,27.0,299.0,62.0,43.0,57.0,106.2,1.73,18.12,133.0,50.0,175.0,644.0,0.21138211382113822,0.18699186991869918,0.21739130434782608,2.1538461538461537,0.20735785953177258,0.2222222222222222
55,25 June 2026 - Philadelphia Stadium - 16:00,Côte d'Ivoire,Curaçao,away,55.2,6.9,2.0,0.93,7.0,3.0,644.0,574.0,89.0,116.0,9.0,131.0,18.0,26.0,201.0,43.0,44.0,65.0,106.4,1.96,16.68,72.0,33.0,103.0,369.0,0.18012422360248448,0.20341614906832298,0.13740458015267176,1.835820895522388,0.21393034825870647,0.2426470588235294
56,25 June 2026 - New York/New Jersey Stadium - 16:00,Ecuador,Germany,home,39.2,9.6,2.0,1.29,7.0,3.0,389.0,325.0,84.0,61.0,7.0,93.0,14.0,24.0,299.0,58.0,49.0,66.0,109.8,1.44,18.12,153.0,45.0,171.0,612.0,0.15681233933161953,0.2390745501285347,0.15053763440860216,2.0468227424749164,0.1939799331103679,0.20833333333333334
56,25 June 2026 - New York/New Jersey Stadium - 16:00,Germany,Ecuador,away,51.2,9.6,1.0,0.74,11.0,3.0,612.0,537.0,88.0,114.0,4.0,146.0,16.0,25.0,231.0,41.0,51.0,85.0,114.5,1.72,15.87,98.0,38.0,135.0,389.0,0.18627450980392157,0.238562091503268,0.1095890410958904,1.683982683982684,0.1774891774891775,0.21965317919075145
57,25 June 2026 - Dallas Stadium - 18:00,Japan,Sweden,home,44.7,10.7,1.0,1.22,8.0,3.0,454.0,381.0,84.0,79.0,7.0,95.0,14.0,16.0,221.0,47.0,42.0,62.0,110.2,1.61,18.63,87.0,23.0,132.0,410.0,0.17400881057268722,0.2092511013215859,0.14736842105263157,1.8552036199095023,0.21266968325791855,0.14838709677419354
57,25 June 2026 - Dallas Stadium - 18:00,Sweden,Japan,away,44.6,10.7,1.0,0.56,11.0,5.0,410.0,330.0,80.0,72.0,3.0,111.0,16.0,18.0,201.0,26.0,37.0,74.0,111.1,1.49,17.98,109.0,34.0,117.0,454.0,0.17560975609756097,0.2707317073170732,0.14414414414414414,2.2587064676616917,0.12935323383084577,0.2251655629139073
58,25 June 2026 - Kansas City Stadium - 18:00,Tunisia,Netherlands,home,27.5,7.8,1.0,0.76,10.0,4.0,265.0,208.0,78.0,56.0,4.0,54.0,13.0,15.0,346.0,51.0,34.0,40.0,111.1,1.48,29.82,147.0,43.0,244.0,668.0,0.21132075471698114,0.2037735849056604,0.24074074074074073,1.930635838150289,0.14739884393063585,0.14982578397212543
58,25 June 2026 - Kansas City Stadium - 18:00,Netherlands,Tunisia,away,64.6,7.8,3.0,1.79,20.0,7.0,668.0,619.0,93.0,115.0,16.0,233.0,27.0,25.0,173.0,32.0,34.0,61.0,106.8,1.75,12.56,71.0,35.0,84.0,265.0,0.1721556886227545,0.34880239520958084,0.11587982832618025,1.5317919075144508,0.18497109826589594,0.29411764705882354
59,25 June 2026 - Los Angeles Stadium - 19:00,Türkiye,USA,home,42.5,9.5,3.0,1.71,8.0,2.0,456.0,353.0,77.0,88.0,13.0,106.0,11.0,24.0,219.0,56.0,50.0,75.0,115.0,1.51,12.2,86.0,43.0,109.0,495.0,0.19298245614035087,0.2324561403508772,0.10377358490566038,2.26027397260274,0.2557077625570776,0.28289473684210525
59,25 June 2026 - Los Angeles Stadium - 19:00,USA,Türkiye,away,48.0,9.5,2.0,1.78,18.0,7.0,495.0,424.0,86.0,91.0,14.0,111.0,20.0,19.0,267.0,50.0,47.0,61.0,127.6,1.72,14.66,117.0,44.0,154.0,456.0,0.18383838383838383,0.22424242424242424,0.18018018018018017,1.7078651685393258,0.18726591760299627,0.2222222222222222
60,25 June 2026 - San Francisco Bay Area Stadium - 19:00,Paraguay,Australia,home,42.2,11.6,0.0,0.29,7.0,2.0,418.0,345.0,83.0,49.0,3.0,62.0,7.0,18.0,284.0,62.0,51.0,64.0,113.1,1.37,12.42,125.0,43.0,180.0,526.0,0.11722488038277512,0.14832535885167464,0.11290322580645161,1.852112676056338,0.21830985915492956,0.19282511210762332
60,25 June 2026 - San Francisco Bay Area Stadium - 19:00,Australia,Paraguay,away,46.2,11.6,0.0,0.7,12.0,5.0,526.0,446.0,85.0,86.0,4.0,109.0,13.0,30.0,210.0,33.0,43.0,93.0,116.4,1.46,13.1,97.0,33.0,119.0,418.0,0.1634980988593156,0.20722433460076045,0.11926605504587157,1.9904761904761905,0.15714285714285714,0.21710526315789475
61,26 June 2026 - Boston Stadium - 15:00,Norway,France,home,41.0,7.8,1.0,1.45,10.0,5.0,449.0,367.0,82.0,75.0,4.0,96.0,9.0,24.0,297.0,43.0,38.0,64.0,113.5,1.7,17.9,158.0,53.0,177.0,549.0,0.16703786191536749,0.21380846325167038,0.09375,1.8484848484848484,0.1447811447811448,0.23043478260869565
61,26 June 2026 - Boston Stadium - 15:00,France,Norway,away,51.2,7.8,4.0,1.05,18.0,9.0,549.0,492.0,90.0,98.0,21.0,184.0,16.0,28.0,234.0,45.0,43.0,68.0,109.1,1.46,12.7,97.0,45.0,128.0,449.0,0.1785063752276867,0.33515482695810567,0.08695652173913043,1.9188034188034189,0.19230769230769232,0.26011560693641617
62,26 June 2026 - Toronto Stadium - 15:00,Senegal,Iraq,home,58.6,10.7,5.0,2.7,27.0,11.0,585.0,523.0,89.0,107.0,17.0,240.0,29.0,40.0,162.0,23.0,38.0,71.0,111.9,1.83,9.02,72.0,31.0,93.0,280.0,0.1829059829059829,0.41025641025641024,0.12083333333333333,1.728395061728395,0.1419753086419753,0.25
62,26 June 2026 - Toronto Stadium - 15:00,Iraq,Senegal,away,30.7,10.7,0.0,0.21,6.0,1.0,280.0,200.0,71.0,52.0,4.0,41.0,5.0,17.0,259.0,48.0,43.0,53.0,104.7,1.56,18.07,118.0,34.0,164.0,585.0,0.18571428571428572,0.14642857142857144,0.12195121951219512,2.258687258687259,0.18532818532818532,0.1717171717171717
63,26 June 2026 - Seattle Stadium - 20:00,Egypt,IR Iran,home,53.7,9.9,1.0,0.92,15.0,3.0,588.0,525.0,89.0,97.0,15.0,123.0,16.0,30.0,169.0,30.0,52.0,76.0,117.2,1.57,12.21,64.0,24.0,99.0,359.0,0.1649659863945578,0.20918367346938777,0.13008130081300814,2.1242603550295858,0.17751479289940827,0.1951219512195122
63,26 June 2026 - Seattle Stadium - 20:00,IR Iran,Egypt,away,36.4,9.9,1.0,2.24,13.0,3.0,359.0,280.0,78.0,73.0,5.0,87.0,11.0,21.0,278.0,45.0,43.0,78.0,118.8,1.65,16.49,139.0,40.0,150.0,588.0,0.20334261838440112,0.24233983286908078,0.12643678160919541,2.115107913669065,0.1618705035971223,0.21052631578947367
64,26 June 2026 - BC Place Vancouver - 20:00,New Zealand,Belgium,home,40.5,9.4,1.0,0.3,6.0,2.0,450.0,379.0,84.0,82.0,5.0,77.0,13.0,17.0,321.0,51.0,32.0,50.0,117.6,1.75,19.02,122.0,37.0,204.0,530.0,0.18222222222222223,0.1711111111111111,0.16883116883116883,1.6510903426791277,0.1588785046728972,0.15352697095435686
64,26 June 2026 - BC Place Vancouver - 20:00,Belgium,New Zealand,away,50.1,9.4,5.0,3.99,35.0,10.0,530.0,475.0,90.0,118.0,18.0,203.0,25.0,38.0,249.0,32.0,44.0,82.0,119.8,1.4,16.28,127.0,32.0,153.0,450.0,0.22264150943396227,0.38301886792452833,0.12315270935960591,1.8072289156626506,0.1285140562248996,0.17297297297297298
65,26 June 2026 - Houston Stadium - 19:00,Cabo Verde,Saudi Arabia,home,48.0,10.2,0.0,1.37,15.0,2.0,465.0,402.0,86.0,113.0,12.0,133.0,21.0,36.0,206.0,34.0,53.0,83.0,115.5,1.49,12.18,78.0,25.0,126.0,455.0,0.24301075268817204,0.2860215053763441,0.15789473684210525,2.20873786407767,0.1650485436893204,0.16556291390728478
65,26 June 2026 - Houston Stadium - 19:00,Saudi Arabia,Cabo Verde,away,41.9,10.2,0.0,0.35,7.0,3.0,455.0,370.0,81.0,76.0,11.0,95.0,12.0,21.0,304.0,66.0,42.0,67.0,113.9,1.67,13.5,156.0,50.0,171.0,465.0,0.16703296703296702,0.2087912087912088,0.12631578947368421,1.5296052631578947,0.21710526315789475,0.22624434389140272
66,26 June 2026 - Guadalajara Stadium - 18:00,Uruguay,Spain,home,33.4,9.5,0.0,0.22,5.0,1.0,305.0,241.0,79.0,68.0,15.0,94.0,18.0,24.0,390.0,64.0,53.0,67.0,113.8,1.44,16.65,211.0,65.0,231.0,637.0,0.22295081967213115,0.3081967213114754,0.19148936170212766,1.6333333333333333,0.1641025641025641,0.2195945945945946
66,26 June 2026 - Guadalajara Stadium - 18:00,Spain,Uruguay,away,57.1,9.5,1.0,1.12,6.0,1.0,637.0,570.0,89.0,134.0,10.0,89.0,15.0,37.0,215.0,35.0,49.0,65.0,111.2,1.66,12.93,75.0,30.0,134.0,305.0,0.21036106750392464,0.13971742543171115,0.16853932584269662,1.4186046511627908,0.16279069767441862,0.18292682926829268
67,27 June 2026 - New York/New Jersey Stadium - 17:00,Panama,England,home,33.1,9.2,0.0,0.72,13.0,2.0,306.0,231.0,75.0,84.0,5.0,48.0,10.0,22.0,283.0,55.0,55.0,57.0,111.3,1.47,17.39,128.0,46.0,176.0,562.0,0.27450980392156865,0.1568627450980392,0.20833333333333334,1.9858657243816253,0.19434628975265017,0.2072072072072072
67,27 June 2026 - New York/New Jersey Stadium - 17:00,England,Panama,away,57.7,9.2,2.0,1.61,17.0,6.0,562.0,500.0,89.0,114.0,30.0,177.0,29.0,25.0,228.0,46.0,44.0,72.0,115.2,1.74,8.71,93.0,39.0,136.0,306.0,0.20284697508896798,0.31494661921708184,0.1638418079096045,1.3421052631578947,0.20175438596491227,0.22285714285714286
68,27 June 2026 - Philadelphia Stadium - 17:00,Croatia,Ghana,home,50.8,6.1,2.0,0.48,8.0,4.0,538.0,487.0,91.0,84.0,8.0,82.0,15.0,27.0,189.0,30.0,32.0,52.0,110.5,1.47,18.7,80.0,39.0,99.0,466.0,0.15613382899628253,0.1524163568773234,0.18292682926829268,2.4656084656084656,0.15873015873015872,0.2826086956521739
68,27 June 2026 - Philadelphia Stadium - 17:00,Ghana,Croatia,away,43.1,6.1,1.0,0.75,6.0,1.0,466.0,411.0,88.0,50.0,5.0,60.0,11.0,27.0,271.0,36.0,40.0,47.0,106.4,1.67,22.44,144.0,31.0,179.0,538.0,0.1072961373390558,0.12875536480686695,0.18333333333333332,1.985239852398524,0.13284132841328414,0.14761904761904762
69,27 June 2026 - Kansas City Stadium - 21:00,Algeria,Austria,home,60.7,5.3,3.0,1.54,12.0,5.0,775.0,723.0,93.0,96.0,7.0,137.0,4.0,26.0,218.0,30.0,39.0,47.0,105.2,1.61,16.78,100.0,37.0,134.0,405.0,0.12387096774193548,0.1767741935483871,0.029197080291970802,1.8577981651376148,0.13761467889908258,0.21637426900584794
69,27 June 2026 - Kansas City Stadium - 21:00,Austria,Algeria,away,33.9,5.3,3.0,1.06,10.0,3.0,405.0,355.0,88.0,70.0,10.0,93.0,13.0,10.0,305.0,40.0,24.0,56.0,113.3,1.45,28.58,151.0,46.0,189.0,775.0,0.1728395061728395,0.22962962962962963,0.13978494623655913,2.540983606557377,0.13114754098360656,0.19574468085106383
70,27 June 2026 - Dallas Stadium - 21:00,Jordan,Argentina,home,27.7,4.7,1.0,0.96,5.0,1.0,300.0,239.0,80.0,66.0,11.0,61.0,9.0,30.0,471.0,48.0,37.0,44.0,110.6,1.48,32.94,233.0,81.0,275.0,824.0,0.22,0.20333333333333334,0.14754098360655737,1.7494692144373674,0.10191082802547771,0.22752808988764045
70,27 June 2026 - Dallas Stadium - 21:00,Argentina,Jordan,away,67.6,4.7,3.0,2.52,13.0,4.0,824.0,762.0,92.0,130.0,8.0,144.0,10.0,25.0,184.0,39.0,42.0,48.0,105.9,1.76,9.99,73.0,27.0,112.0,300.0,0.15776699029126215,0.17475728155339806,0.06944444444444445,1.6304347826086956,0.21195652173913043,0.19424460431654678
71,27 June 2026 - Miami Stadium - 19:30,Colombia,Portugal,home,51.9,6.7,0.0,1.85,24.0,7.0,547.0,491.0,90.0,114.0,13.0,178.0,16.0,20.0,218.0,23.0,36.0,60.0,103.0,1.56,17.61,94.0,24.0,146.0,456.0,0.20840950639853748,0.32541133455210236,0.0898876404494382,2.091743119266055,0.10550458715596331,0.1411764705882353
71,27 June 2026 - Miami Stadium - 19:30,Portugal,Colombia,away,41.4,6.7,0.0,0.97,13.0,2.0,456.0,421.0,92.0,99.0,12.0,121.0,14.0,32.0,303.0,29.0,37.0,38.0,104.0,1.58,26.33,144.0,39.0,181.0,547.0,0.21710526315789475,0.26535087719298245,0.11570247933884298,1.8052805280528053,0.09570957095709572,0.17727272727272728
72,27 June 2026 - Atlanta Stadium - 19:30,Congo DR,Uzbekistan,home,53.0,10.0,3.0,2.11,19.0,5.0,495.0,419.0,85.0,106.0,6.0,131.0,25.0,41.0,191.0,31.0,54.0,93.0,115.1,1.71,10.4,75.0,33.0,111.0,378.0,0.21414141414141413,0.26464646464646463,0.19083969465648856,1.9790575916230366,0.16230366492146597,0.22916666666666666
72,27 June 2026 - Atlanta Stadium - 19:30,Uzbekistan,Congo DR,away,37.0,10.0,1.0,0.16,3.0,1.0,378.0,283.0,75.0,80.0,5.0,90.0,15.0,16.0,342.0,62.0,54.0,74.0,115.8,1.58,13.59,132.0,46.0,222.0,495.0,0.21164021164021163,0.23809523809523808,0.16666666666666666,1.4473684210526316,0.18128654970760233,0.17164179104477612
73,28 June 2026 - Los Angeles Stadium - 12:00,South Africa,Canada,home,55.8,8.5,0.0,0.16,6.0,1.0,575.0,486.0,85.0,97.0,13.0,60.0,5.0,25.0,221.0,43.0,42.0,80.0,108.2,1.54,14.06,81.0,31.0,125.0,390.0,0.16869565217391305,0.10434782608695652,0.08333333333333333,1.7647058823529411,0.19457013574660634,0.1987179487179487
73,28 June 2026 - Los Angeles Stadium - 12:00,Canada,South Africa,away,35.6,8.5,1.0,1.33,12.0,7.0,390.0,314.0,81.0,80.0,7.0,112.0,14.0,29.0,344.0,62.0,49.0,82.0,117.0,1.42,20.95,162.0,39.0,221.0,575.0,0.20512820512820512,0.28717948717948716,0.125,1.6715116279069768,0.18023255813953487,0.15
74,29 June 2026 - Boston Stadium - 16:30,Germany,Paraguay,home,65.5,10.8,1.0,1.25,21.0,6.0,834.0,752.0,90.0,161.0,10.0,344.0,52.0,46.0,164.0,32.0,45.0,118.0,152.4,1.67,8.48,63.0,34.0,82.0,264.0,0.19304556354916066,0.41247002398081534,0.1511627906976744,1.6097560975609757,0.1951219512195122,0.29310344827586204
74,29 June 2026 - Boston Stadium - 16:30,Paraguay,Germany,away,23.7,10.8,1.0,0.61,7.0,3.0,264.0,166.0,63.0,51.0,6.0,69.0,20.0,28.0,410.0,69.0,59.0,71.0,143.8,1.55,20.11,176.0,56.0,296.0,834.0,0.19318181818181818,0.26136363636363635,0.2898550724637681,2.0341463414634147,0.16829268292682928,0.1590909090909091
75,29 June 2026 - Monterrey Stadium - 19:00,Netherlands,Morocco,home,31.1,7.5,1.0,0.33,6.0,2.0,395.0,307.0,78.0,62.0,4.0,68.0,10.0,19.0,340.0,43.0,51.0,79.0,137.6,1.37,23.91,190.0,48.0,209.0,891.0,0.1569620253164557,0.17215189873417722,0.14705882352941177,2.6205882352941177,0.1264705882352941,0.1867704280155642
75,29 June 2026 - Monterrey Stadium - 19:00,Morocco,Netherlands,away,61.4,7.5,1.0,1.3,11.0,5.0,891.0,813.0,91.0,94.0,10.0,167.0,19.0,26.0,244.0,64.0,52.0,75.0,139.5,1.77,10.62,108.0,40.0,139.0,395.0,0.10549943883277217,0.18742985409652077,0.11377245508982035,1.6188524590163935,0.26229508196721313,0.22346368715083798
76,29 June 2026 - Houston Stadium - 12:00,Brazil,Japan,home,61.6,8.2,2.0,2.12,19.0,7.0,715.0,652.0,91.0,118.0,14.0,250.0,30.0,23.0,200.0,35.0,40.0,74.0,110.0,1.72,16.93,88.0,40.0,115.0,330.0,0.16503496503496504,0.34965034965034963,0.12,1.65,0.175,0.25806451612903225
76,29 June 2026 - Houston Stadium - 12:00,Japan,Brazil,away,30.3,8.2,1.0,0.26,5.0,2.0,330.0,279.0,85.0,72.0,5.0,81.0,12.0,12.0,362.0,48.0,34.0,47.0,114.9,1.71,25.97,201.0,51.0,233.0,715.0,0.21818181818181817,0.24545454545454545,0.14814814814814814,1.9751381215469612,0.13259668508287292,0.1795774647887324
77,30 June 2026 - New York/New Jersey Stadium - 17:00,France,Sweden,home,53.5,8.4,3.0,2.9,25.0,12.0,548.0,498.0,91.0,129.0,16.0,202.0,22.0,33.0,213.0,38.0,35.0,64.0,107.7,1.77,14.48,68.0,36.0,120.0,365.0,0.2354014598540146,0.3686131386861314,0.10891089108910891,1.7136150234741785,0.1784037558685446,0.23076923076923078
77,30 June 2026 - New York/New Jersey Stadium - 17:00,Sweden,France,away,38.0,8.4,0.0,0.71,8.0,3.0,365.0,296.0,81.0,71.0,6.0,99.0,11.0,16.0,258.0,42.0,34.0,56.0,107.3,1.37,20.78,127.0,34.0,166.0,548.0,0.19452054794520549,0.27123287671232876,0.1111111111111111,2.124031007751938,0.16279069767441862,0.17
78,30 June 2026 - Dallas Stadium - 12:00,Côte d'Ivoire,Norway,home,41.3,8.5,1.0,1.43,14.0,5.0,406.0,353.0,87.0,90.0,16.0,151.0,33.0,27.0,318.0,57.0,45.0,72.0,105.8,1.79,17.38,134.0,52.0,206.0,492.0,0.22167487684729065,0.37192118226600984,0.2185430463576159,1.5471698113207548,0.1792452830188679,0.20155038759689922
78,30 June 2026 - Dallas Stadium - 12:00,Norway,Côte d'Ivoire,away,50.2,8.5,2.0,2.3,9.0,4.0,492.0,442.0,90.0,103.0,5.0,126.0,15.0,36.0,216.0,42.0,31.0,51.0,114.5,1.73,14.88,80.0,27.0,138.0,406.0,0.20934959349593496,0.25609756097560976,0.11904761904761904,1.8796296296296295,0.19444444444444445,0.16363636363636364
79,30 June 2026 - Mexico City Stadium - 20:00,Mexico,Ecuador,home,37.1,10.0,2.0,1.86,15.0,3.0,317.0,259.0,82.0,76.0,10.0,83.0,10.0,15.0,215.0,37.0,33.0,50.0,113.3,1.57,15.37,86.0,29.0,116.0,420.0,0.23974763406940064,0.2618296529968454,0.12048192771084337,1.9534883720930232,0.17209302325581396,0.2
79,30 June 2026 - Mexico City Stadium - 20:00,Ecuador,Mexico,away,52.9,10.0,0.0,0.47,7.0,1.0,420.0,353.0,84.0,69.0,7.0,112.0,27.0,23.0,191.0,37.0,35.0,59.0,105.0,1.44,11.73,76.0,25.0,111.0,317.0,0.16428571428571428,0.26666666666666666,0.24107142857142858,1.6596858638743455,0.193717277486911,0.18382352941176472
80,01 July 2026 - Atlanta Stadium - 12:00,England,Congo DR,home,53.5,8.6,2.0,1.75,16.0,7.0,523.0,482.0,92.0,125.0,25.0,222.0,42.0,41.0,246.0,44.0,35.0,69.0,115.5,1.63,13.79,110.0,37.0,149.0,392.0,0.2390057361376673,0.42447418738049714,0.1891891891891892,1.5934959349593496,0.17886178861788618,0.1989247311827957
80,01 July 2026 - Atlanta Stadium - 12:00,Congo DR,England,away,37.9,8.6,1.0,0.64,7.0,2.0,392.0,326.0,83.0,91.0,9.0,75.0,16.0,31.0,336.0,60.0,36.0,48.0,114.0,1.79,22.49,132.0,49.0,220.0,523.0,0.23214285714285715,0.1913265306122449,0.21333333333333335,1.556547619047619,0.17857142857142858,0.1821561338289963
81,01 July 2026 - San Francisco Bay Area Stadium - 17:00,USA,Bosnia and Herzegovina,home,44.0,8.4,2.0,0.8,8.0,2.0,425.0,362.0,85.0,82.0,14.0,88.0,19.0,31.0,206.0,38.0,43.0,62.0,117.0,1.5,16.22,98.0,30.0,126.0,459.0,0.19294117647058823,0.20705882352941177,0.2159090909090909,2.2281553398058254,0.18446601941747573,0.19230769230769232
81,01 July 2026 - San Francisco Bay Area Stadium - 17:00,Bosnia and Herzegovina,USA,away,47.7,8.4,0.0,0.21,10.0,3.0,459.0,381.0,83.0,52.0,5.0,81.0,12.0,16.0,208.0,33.0,32.0,57.0,117.1,1.57,8.84,95.0,28.0,132.0,425.0,0.11328976034858387,0.17647058823529413,0.14814814814814814,2.043269230769231,0.15865384615384615,0.175
82,01 July 2026 - Seattle Stadium - 13:00,Belgium,Senegal,home,48.3,8.8,3.0,1.74,19.0,5.0,695.0,607.0,87.0,109.0,12.0,161.0,27.0,26.0,351.0,44.0,45.0,93.0,160.5,1.69,15.69,180.0,53.0,241.0,638.0,0.15683453237410072,0.2316546762589928,0.16770186335403728,1.8176638176638176,0.12535612535612536,0.18027210884353742
82,01 July 2026 - Seattle Stadium - 13:00,Senegal,Belgium,away,42.9,8.8,2.0,2.09,19.0,5.0,638.0,555.0,87.0,137.0,16.0,181.0,27.0,33.0,352.0,62.0,52.0,70.0,152.9,1.69,22.67,126.0,50.0,218.0,695.0,0.21473354231974923,0.2836990595611285,0.14917127071823205,1.9744318181818181,0.17613636363636365,0.1865671641791045
83,02 July 2026 - Toronto Stadium - 19:00,Portugal,Croatia,home,55.3,7.0,2.0,1.91,15.0,3.0,588.0,538.0,91.0,90.0,7.0,134.0,21.0,32.0,257.0,38.0,42.0,56.0,116.6,1.76,13.13,119.0,30.0,169.0,386.0,0.15306122448979592,0.22789115646258504,0.15671641791044777,1.5019455252918288,0.14785992217898833,0.1507537688442211
83,02 July 2026 - Toronto Stadium - 19:00,Croatia,Portugal,away,37.8,7.0,1.0,1.17,13.0,6.0,386.0,330.0,85.0,70.0,7.0,85.0,21.0,30.0,291.0,43.0,35.0,61.0,118.1,1.68,21.25,138.0,49.0,171.0,588.0,0.18134715025906736,0.22020725388601037,0.24705882352941178,2.020618556701031,0.14776632302405499,0.22272727272727272
84,02 July 2026 - Los Angeles Stadium - 12:00,Spain,Austria,home,59.2,7.5,3.0,2.25,23.0,10.0,643.0,589.0,92.0,142.0,14.0,188.0,25.0,42.0,203.0,29.0,51.0,68.0,112.4,1.57,12.09,106.0,35.0,124.0,360.0,0.2208398133748056,0.29237947122861585,0.13297872340425532,1.7733990147783252,0.14285714285714285,0.22012578616352202
84,02 July 2026 - Los Angeles Stadium - 12:00,Austria,Spain,away,33.3,7.5,0.0,0.25,5.0,0.0,360.0,291.0,81.0,71.0,5.0,52.0,14.0,17.0,410.0,77.0,41.0,56.0,110.5,1.4,20.78,160.0,60.0,259.0,643.0,0.19722222222222222,0.14444444444444443,0.2692307692307692,1.5682926829268293,0.1878048780487805,0.18808777429467086
85,02 July 2026 - BC Place Vancouver - 20:00,Switzerland,Algeria,home,40.7,7.9,2.0,1.9,11.0,5.0,451.0,371.0,82.0,88.0,10.0,86.0,18.0,37.0,283.0,51.0,56.0,69.0,115.4,1.76,15.51,111.0,36.0,179.0,571.0,0.1951219512195122,0.19068736141906872,0.20930232558139536,2.0176678445229683,0.18021201413427562,0.16744186046511628
85,02 July 2026 - BC Place Vancouver - 20:00,Algeria,Switzerland,away,51.5,7.9,0.0,0.73,8.0,2.0,571.0,491.0,86.0,107.0,9.0,109.0,7.0,36.0,266.0,37.0,47.0,70.0,113.2,1.51,14.14,126.0,57.0,144.0,451.0,0.18739054290718038,0.19089316987740806,0.06422018348623854,1.6954887218045114,0.13909774436090225,0.2835820895522388
86,03 July 2026 - Miami Stadium - 18:00,Argentina,Cabo Verde,home,59.2,6.6,3.0,2.73,22.0,12.0,862.0,800.0,93.0,152.0,24.0,262.0,19.0,33.0,289.0,51.0,51.0,77.0,140.6,1.63,15.22,143.0,44.0,167.0,491.0,0.17633410672853828,0.3039443155452436,0.07251908396946564,1.698961937716263,0.17647058823529413,0.20853080568720378
86,03 July 2026 - Miami Stadium - 18:00,Cabo Verde,Argentina,away,34.1,6.6,2.0,0.52,16.0,5.0,491.0,425.0,87.0,100.0,5.0,100.0,19.0,29.0,415.0,49.0,45.0,69.0,141.2,1.49,25.06,189.0,73.0,246.0,862.0,0.20366598778004075,0.20366598778004075,0.19,2.07710843373494,0.1180722891566265,0.22884012539184953
87,03 July 2026 - Kansas City Stadium - 20:30,Colombia,Ghana,home,54.6,6.8,1.0,1.8,20.0,8.0,598.0,540.0,90.0,91.0,12.0,129.0,17.0,19.0,217.0,52.0,35.0,58.0,107.4,1.45,13.85,77.0,37.0,129.0,390.0,0.15217391304347827,0.2157190635451505,0.13178294573643412,1.7972350230414746,0.23963133640552994,0.22289156626506024
87,03 July 2026 - Kansas City Stadium - 20:30,Ghana,Colombia,away,38.6,6.8,0.0,0.26,8.0,0.0,390.0,329.0,84.0,77.0,3.0,74.0,15.0,29.0,297.0,37.0,36.0,72.0,105.6,1.5,22.46,130.0,51.0,164.0,598.0,0.19743589743589743,0.18974358974358974,0.20270270270270271,2.0134680134680134,0.12457912457912458,0.2372093023255814
88,03 July 2026 - Dallas Stadium - 13:00,Australia,Egypt,home,35.4,11.6,1.0,0.74,16.0,2.0,520.0,428.0,82.0,115.0,11.0,145.0,23.0,31.0,373.0,32.0,56.0,105.0,148.1,1.62,21.52,197.0,54.0,235.0,729.0,0.22115384615384615,0.27884615384615385,0.15862068965517243,1.9544235924932976,0.08579088471849866,0.18685121107266436
88,03 July 2026 - Dallas Stadium - 13:00,Egypt,Australia,away,53.0,11.6,1.0,1.23,14.0,4.0,729.0,638.0,88.0,113.0,20.0,176.0,22.0,23.0,304.0,56.0,42.0,74.0,142.4,1.41,17.86,112.0,59.0,184.0,520.0,0.1550068587105624,0.24142661179698216,0.125,1.7105263157894737,0.18421052631578946,0.24279835390946503
89,04 July 2026 - Philadelphia Stadium - 17:00,Paraguay,France,home,22.5,10.8,0.0,0.13,5.0,0.0,191.0,108.0,57.0,37.0,3.0,22.0,6.0,13.0,268.0,56.0,40.0,65.0,104.4,1.63,20.48,104.0,35.0,166.0,587.0,0.193717277486911,0.11518324607329843,0.2727272727272727,2.1902985074626864,0.208955223880597,0.17412935323383086
89,04 July 2026 - Philadelphia Stadium - 17:00,France,Paraguay,away,66.7,10.8,1.0,1.93,15.0,5.0,587.0,526.0,90.0,103.0,10.0,241.0,20.0,36.0,95.0,23.0,37.0,75.0,104.8,1.94,8.01,29.0,14.0,41.0,191.0,0.17546848381601363,0.41056218057921634,0.08298755186721991,2.0105263157894737,0.24210526315789474,0.2545454545454545
90,04 July 2026 - Houston Stadium - 12:00,Canada,Morocco,home,37.5,11.8,0.0,0.68,10.0,3.0,368.0,282.0,77.0,79.0,12.0,120.0,27.0,21.0,273.0,57.0,48.0,80.0,116.2,1.55,13.99,128.0,34.0,173.0,499.0,0.21467391304347827,0.32608695652173914,0.225,1.8278388278388278,0.2087912087912088,0.1642512077294686
90,04 July 2026 - Houston Stadium - 12:00,Morocco,Canada,away,50.7,11.8,3.0,0.85,5.0,4.0,499.0,420.0,84.0,72.0,9.0,44.0,6.0,29.0,189.0,41.0,46.0,68.0,108.8,1.61,10.41,68.0,28.0,108.0,368.0,0.14428857715430862,0.08817635270541083,0.13636363636363635,1.947089947089947,0.21693121693121692,0.20588235294117646
91,05 July 2026 - New York/New Jersey Stadium - 16:00,Brazil,Norway,home,32.1,7.2,1.0,2.57,14.0,4.0,347.0,298.0,86.0,73.0,12.0,129.0,16.0,30.0,401.0,69.0,38.0,59.0,113.3,1.49,25.23,185.0,60.0,234.0,683.0,0.21037463976945245,0.37175792507204614,0.12403100775193798,1.7032418952618453,0.17206982543640897,0.20408163265306123
91,05 July 2026 - New York/New Jersey Stadium - 16:00,Norway,Brazil,away,60.7,7.2,2.0,1.41,9.0,5.0,683.0,627.0,92.0,125.0,7.0,178.0,17.0,28.0,185.0,23.0,28.0,68.0,120.5,1.53,16.03,75.0,36.0,110.0,347.0,0.18301610541727673,0.26061493411420206,0.09550561797752809,1.8756756756756756,0.12432432432432433,0.2465753424657534
92,05 July 2026 - Mexico City Stadium - 19:00,Mexico,England,home,59.4,9.1,2.0,2.01,20.0,5.0,485.0,448.0,92.0,103.0,8.0,206.0,49.0,20.0,182.0,52.0,33.0,62.0,112.0,1.58,14.56,67.0,19.0,109.0,254.0,0.21237113402061855,0.4247422680412371,0.23786407766990292,1.3956043956043955,0.2857142857142857,0.1484375
92,05 July 2026 - Mexico City Stadium - 19:00,England,Mexico,away,31.5,9.1,3.0,2.12,6.0,5.0,254.0,204.0,80.0,53.0,9.0,43.0,8.0,17.0,243.0,36.0,28.0,48.0,106.7,1.55,22.28,124.0,28.0,167.0,485.0,0.20866141732283464,0.16929133858267717,0.18604651162790697,1.9958847736625513,0.14814814814814814,0.14358974358974358
93,06 July 2026 - Dallas Stadium - 14:00,Portugal,Spain,home,41.7,7.7,0.0,0.91,10.0,2.0,459.0,378.0,82.0,102.0,10.0,101.0,12.0,36.0,342.0,27.0,43.0,63.0,112.8,1.54,19.11,160.0,57.0,193.0,548.0,0.2222222222222222,0.22004357298474944,0.1188118811881188,1.6023391812865497,0.07894736842105263,0.228
93,06 July 2026 - Dallas Stadium - 14:00,Spain,Portugal,away,50.6,7.7,1.0,1.72,15.0,6.0,548.0,490.0,89.0,143.0,16.0,144.0,18.0,29.0,294.0,45.0,55.0,57.0,115.4,1.78,13.75,113.0,50.0,180.0,459.0,0.26094890510948904,0.26277372262773724,0.125,1.5612244897959184,0.15306122448979592,0.21739130434782608
94,06 July 2026 - Seattle Stadium - 17:00,USA,Belgium,home,51.2,8.7,1.0,0.33,7.0,2.0,553.0,483.0,87.0,126.0,14.0,123.0,13.0,28.0,232.0,39.0,41.0,68.0,119.2,1.59,13.19,93.0,41.0,146.0,423.0,0.22784810126582278,0.2224231464737794,0.10569105691056911,1.8232758620689655,0.16810344827586207,0.2192513368983957
94,06 July 2026 - Seattle Stadium - 17:00,Belgium,USA,away,40.0,8.7,4.0,1.99,15.0,7.0,423.0,340.0,80.0,79.0,7.0,94.0,19.0,26.0,295.0,57.0,48.0,90.0,117.9,1.55,16.96,143.0,43.0,166.0,553.0,0.1867612293144208,0.2222222222222222,0.20212765957446807,1.8745762711864407,0.19322033898305085,0.20574162679425836
95,07 July 2026 - Atlanta Stadium - 12:00,Argentina,Egypt,home,57.1,8.5,3.0,2.63,19.0,7.0,618.0,558.0,90.0,129.0,12.0,231.0,26.0,32.0,190.0,36.0,39.0,65.0,110.4,1.67,14.06,89.0,28.0,122.0,382.0,0.2087378640776699,0.3737864077669903,0.11255411255411256,2.0105263157894737,0.18947368421052632,0.18666666666666668
95,07 July 2026 - Atlanta Stadium - 12:00,Egypt,Argentina,away,34.4,8.5,2.0,0.76,5.0,2.0,382.0,316.0,83.0,80.0,4.0,54.0,8.0,35.0,380.0,39.0,27.0,39.0,115.9,1.68,21.27,177.0,62.0,218.0,618.0,0.2094240837696335,0.14136125654450263,0.14814814814814814,1.6263157894736842,0.10263157894736842,0.22142857142857142
96,07 July 2026 - BC Place Vancouver - 13:00,Switzerland,Colombia,home,48.3,7.4,0.0,0.58,7.0,2.0,641.0,561.0,88.0,126.0,13.0,123.0,16.0,26.0,316.0,60.0,49.0,68.0,140.7,1.68,13.64,139.0,48.0,172.0,562.0,0.19656786271450857,0.1918876755070203,0.13008130081300814,1.7784810126582278,0.189873417721519,0.21818181818181817
96,07 July 2026 - BC Place Vancouver - 13:00,Colombia,Switzerland,away,44.3,7.4,0.0,0.97,15.0,3.0,562.0,462.0,82.0,120.0,4.0,89.0,17.0,21.0,338.0,53.0,52.0,82.0,136.9,1.42,16.57,158.0,71.0,184.0,641.0,0.21352313167259787,0.1583629893238434,0.19101123595505617,1.8964497041420119,0.15680473372781065,0.2784313725490196
97,09 July 2026 - Boston Stadium - 16:00,France,Morocco,home,46.5,6.9,2.0,3.52,22.0,8.0,497.0,450.0,91.0,104.0,9.0,163.0,13.0,43.0,263.0,31.0,38.0,51.0,108.6,1.48,18.42,117.0,38.0,171.0,539.0,0.20925553319919518,0.32796780684104626,0.07975460122699386,2.049429657794677,0.11787072243346007,0.18181818181818182
97,09 July 2026 - Boston Stadium - 16:00,Morocco,France,away,46.6,6.9,0.0,0.16,5.0,1.0,539.0,469.0,87.0,76.0,6.0,92.0,16.0,32.0,286.0,42.0,36.0,54.0,108.3,1.67,16.01,129.0,45.0,164.0,497.0,0.14100185528756956,0.17068645640074212,0.17391304347826086,1.7377622377622377,0.14685314685314685,0.215311004784689
98,10 July 2026 - Los Angeles Stadium - 12:00,Spain,Belgium,home,61.6,7.4,2.0,2.2,17.0,8.0,693.0,625.0,90.0,159.0,18.0,250.0,21.0,36.0,206.0,23.0,37.0,71.0,114.6,1.56,11.56,104.0,28.0,129.0,320.0,0.22943722943722944,0.36075036075036077,0.084,1.5533980582524272,0.11165048543689321,0.17834394904458598
98,10 July 2026 - Los Angeles Stadium - 12:00,Belgium,Spain,away,31.0,7.4,1.0,0.34,5.0,2.0,320.0,254.0,79.0,80.0,9.0,54.0,12.0,27.0,339.0,37.0,40.0,50.0,116.2,1.44,20.03,172.0,49.0,211.0,693.0,0.25,0.16875,0.2222222222222222,2.0442477876106193,0.10914454277286136,0.18846153846153846
99,11 July 2026 - Miami Stadium - 17:00,Norway,England,home,44.2,8.4,1.0,0.87,13.0,4.0,582.0,504.0,87.0,100.0,3.0,144.0,18.0,23.0,324.0,56.0,33.0,67.0,148.9,1.7,20.03,134.0,46.0,202.0,653.0,0.1718213058419244,0.24742268041237114,0.125,2.015432098765432,0.1728395061728395,0.18548387096774194
99,11 July 2026 - Miami Stadium - 17:00,England,Norway,away,47.4,8.4,2.0,1.64,14.0,7.0,653.0,593.0,91.0,121.0,15.0,174.0,21.0,40.0,304.0,51.0,42.0,58.0,140.8,1.9,18.08,149.0,41.0,187.0,582.0,0.18529862174578868,0.2664624808575804,0.1206896551724138,1.9144736842105263,0.16776315789473684,0.17982456140350878
